,Model,Region,Variable,Unit,Year,WP4_REF,Scenario,value,change,DEC
1,AIM,JPN,Consumption Decile|D1,%,2010,3.12758,WP4_1150,3.12758,0,1
2,AIM,JPN,Consumption Decile|D1,%,2010,3.12758,WP4_1150_redist,3.12758,0,1
3,AIM,JPN,Consumption Decile|D1,%,2010,3.12758,WP4_650,3.12758,0,1
4,AIM,JPN,Consumption Decile|D1,%,2010,3.12758,WP4_650_redist,3.12758,0,1
5,AIM,JPN,Consumption Decile|D1,%,2020,3.10315,WP4_1150,3.10315,0,1
6,AIM,JPN,Consumption Decile|D1,%,2020,3.10315,WP4_1150_redist,3.10315,0,1
7,AIM,JPN,Consumption Decile|D1,%,2020,3.10315,WP4_650,3.10315,0,1
8,AIM,JPN,Consumption Decile|D1,%,2020,3.10315,WP4_650_redist,3.10315,0,1
9,AIM,JPN,Consumption Decile|D1,%,2030,3.04062,WP4_1150,3.2458,6.747965875,1
10,AIM,JPN,Consumption Decile|D1,%,2030,3.04062,WP4_1150_redist,3.59222,18.14103703,1
11,AIM,JPN,Consumption Decile|D1,%,2030,3.04062,WP4_650,3.25874,7.173536976,1
12,AIM,JPN,Consumption Decile|D1,%,2030,3.04062,WP4_650_redist,3.92509,29.08847538,1
13,AIM,JPN,Consumption Decile|D1,%,2040,3.00827,WP4_1150,3.00792,-0.011634594,1
14,AIM,JPN,Consumption Decile|D1,%,2040,3.00827,WP4_1150_redist,3.41633,13.5646069,1
15,AIM,JPN,Consumption Decile|D1,%,2040,3.00827,WP4_650,3.15941,5.024150093,1
16,AIM,JPN,Consumption Decile|D1,%,2040,3.00827,WP4_650_redist,3.62362,20.45527828,1
17,AIM,JPN,Consumption Decile|D1,%,2050,2.98302,WP4_1150,2.98267,-0.011733076,1
18,AIM,JPN,Consumption Decile|D1,%,2050,2.98302,WP4_1150_redist,3.39216,13.71563047,1
19,AIM,JPN,Consumption Decile|D1,%,2050,2.98302,WP4_650,3.08823,3.526962608,1
20,AIM,JPN,Consumption Decile|D1,%,2050,2.98302,WP4_650_redist,3.45356,15.77394721,1
21,AIM,JPN,Consumption Decile|D1,%,2060,2.968866685,WP4_1150,3.036007435,2.261494261,1
22,AIM,JPN,Consumption Decile|D1,%,2060,2.968866685,WP4_1150_redist,3.437167081,15.77370914,1
23,AIM,JPN,Consumption Decile|D1,%,2060,2.968866685,WP4_650,3.036336095,2.272564504,1
24,AIM,JPN,Consumption Decile|D1,%,2060,2.968866685,WP4_650_redist,3.31829118,11.76962567,1
25,AIM,JPN,Consumption Decile|D1,%,2070,2.980773884,WP4_1150,3.019188694,1.288752912,1
26,AIM,JPN,Consumption Decile|D1,%,2070,2.980773884,WP4_1150_redist,3.307904336,10.97468188,1
27,AIM,JPN,Consumption Decile|D1,%,2070,2.980773884,WP4_650,3.018535636,1.266843872,1
28,AIM,JPN,Consumption Decile|D1,%,2070,2.980773884,WP4_650_redist,3.284479747,10.18882593,1
29,AIM,JPN,Consumption Decile|D1,%,2080,2.987262896,WP4_1150,3.007989285,0.693825402,1
30,AIM,JPN,Consumption Decile|D1,%,2080,2.987262896,WP4_1150_redist,3.241676503,8.51661256,1
31,AIM,JPN,Consumption Decile|D1,%,2080,2.987262896,WP4_650,3.00726573,0.66960407,1
32,AIM,JPN,Consumption Decile|D1,%,2080,2.987262896,WP4_650_redist,3.249726265,8.786082039,1
33,AIM,JPN,Consumption Decile|D1,%,2090,3.003936761,WP4_1150,3.013943005,0.333104347,1
34,AIM,JPN,Consumption Decile|D1,%,2090,3.003936761,WP4_1150_redist,3.22672249,7.416458674,1
35,AIM,JPN,Consumption Decile|D1,%,2090,3.003936761,WP4_650,3.013221856,0.309097551,1
36,AIM,JPN,Consumption Decile|D1,%,2090,3.003936761,WP4_650_redist,3.227920967,7.456355557,1
37,AIM,JPN,Consumption Decile|D1,%,2100,3.021497999,WP4_1150,3.021502841,0.000160247,1
38,AIM,JPN,Consumption Decile|D1,%,2100,3.021497999,WP4_1150_redist,3.213337869,6.349164207,1
39,AIM,JPN,Consumption Decile|D1,%,2100,3.021497999,WP4_650,3.020863202,-0.021009367,1
40,AIM,JPN,Consumption Decile|D1,%,2100,3.021497999,WP4_650_redist,3.210808212,6.265442275,1
41,AIM,JPN,Consumption Decile|D2,%,2010,4.61522,WP4_1150,4.61522,0,2
42,AIM,JPN,Consumption Decile|D2,%,2010,4.61522,WP4_1150_redist,4.61522,0,2
43,AIM,JPN,Consumption Decile|D2,%,2010,4.61522,WP4_650,4.61522,0,2
44,AIM,JPN,Consumption Decile|D2,%,2010,4.61522,WP4_650_redist,4.61522,0,2
45,AIM,JPN,Consumption Decile|D2,%,2020,4.58946,WP4_1150,4.58946,0,2
46,AIM,JPN,Consumption Decile|D2,%,2020,4.58946,WP4_1150_redist,4.58946,0,2
47,AIM,JPN,Consumption Decile|D2,%,2020,4.58946,WP4_650,4.58946,0,2
48,AIM,JPN,Consumption Decile|D2,%,2020,4.58946,WP4_650_redist,4.58946,0,2
49,AIM,JPN,Consumption Decile|D2,%,2030,4.52296,WP4_1150,4.51249,-0.231485576,2
50,AIM,JPN,Consumption Decile|D2,%,2030,4.52296,WP4_1150_redist,5.07044,12.10446256,2
51,AIM,JPN,Consumption Decile|D2,%,2030,4.52296,WP4_650,4.51115,-0.261112192,2
52,AIM,JPN,Consumption Decile|D2,%,2030,4.52296,WP4_650_redist,5.3792,18.93096556,2
53,AIM,JPN,Consumption Decile|D2,%,2040,4.4884,WP4_1150,4.48801,-0.008689065,2
54,AIM,JPN,Consumption Decile|D2,%,2040,4.4884,WP4_1150_redist,4.89507,9.060466982,2
55,AIM,JPN,Consumption Decile|D2,%,2040,4.4884,WP4_650,4.48039,-0.17846003,2
56,AIM,JPN,Consumption Decile|D2,%,2040,4.4884,WP4_650_redist,5.09237,13.45624276,2
57,AIM,JPN,Consumption Decile|D2,%,2050,4.46136,WP4_1150,4.46096,-0.008965876,2
58,AIM,JPN,Consumption Decile|D2,%,2050,4.46136,WP4_1150_redist,4.86677,9.087139348,2
59,AIM,JPN,Consumption Decile|D2,%,2050,4.46136,WP4_650,4.45555,-0.130229347,2
60,AIM,JPN,Consumption Decile|D2,%,2050,4.46136,WP4_650_redist,4.92591,10.4127441,2
61,AIM,JPN,Consumption Decile|D2,%,2060,4.446245951,WP4_1150,4.44272851,-0.079110343,2
62,AIM,JPN,Consumption Decile|D2,%,2060,4.446245951,WP4_1150_redist,4.908102124,10.38755343,2
63,AIM,JPN,Consumption Decile|D2,%,2060,4.446245951,WP4_650,4.44243496,-0.085712533,2
64,AIM,JPN,Consumption Decile|D2,%,2060,4.446245951,WP4_650_redist,4.792790676,7.794097073,2
65,AIM,JPN,Consumption Decile|D2,%,2070,4.459262237,WP4_1150,4.457560005,-0.038172966,2
66,AIM,JPN,Consumption Decile|D2,%,2070,4.459262237,WP4_1150_redist,4.782747868,7.254241025,2
67,AIM,JPN,Consumption Decile|D2,%,2070,4.459262237,WP4_650,4.457287145,-0.044291903,2
68,AIM,JPN,Consumption Decile|D2,%,2070,4.459262237,WP4_650_redist,4.759897185,6.741809117,2
69,AIM,JPN,Consumption Decile|D2,%,2080,4.466394377,WP4_1150,4.465602714,-0.01772487,2
70,AIM,JPN,Consumption Decile|D2,%,2080,4.466394377,WP4_1150_redist,4.718341084,5.640941809,2
71,AIM,JPN,Consumption Decile|D2,%,2080,4.466394377,WP4_650,4.465189289,-0.026981213,2
72,AIM,JPN,Consumption Decile|D2,%,2080,4.466394377,WP4_650_redist,4.726145413,5.815676234,2
73,AIM,JPN,Consumption Decile|D2,%,2090,4.484488013,WP4_1150,4.484109904,-0.008431487,2
74,AIM,JPN,Consumption Decile|D2,%,2090,4.484488013,WP4_1150_redist,4.704597978,4.908251823,2
75,AIM,JPN,Consumption Decile|D2,%,2090,4.484488013,WP4_650,4.483555318,-0.020798268,2
76,AIM,JPN,Consumption Decile|D2,%,2090,4.484488013,WP4_650_redist,4.705765914,4.934295731,2
77,AIM,JPN,Consumption Decile|D2,%,2100,4.503482991,WP4_1150,4.503490102,0.000157903,2
78,AIM,JPN,Consumption Decile|D2,%,2100,4.503482991,WP4_1150_redist,4.69280133,4.203820452,2
79,AIM,JPN,Consumption Decile|D2,%,2100,4.503482991,WP4_650,4.502804967,-0.015055541,2
80,AIM,JPN,Consumption Decile|D2,%,2100,4.503482991,WP4_650_redist,4.690293459,4.148133078,2
81,AIM,JPN,Consumption Decile|D3,%,2010,5.70524,WP4_1150,5.70524,0,3
82,AIM,JPN,Consumption Decile|D3,%,2010,5.70524,WP4_1150_redist,5.70524,0,3
83,AIM,JPN,Consumption Decile|D3,%,2010,5.70524,WP4_650,5.70524,0,3
84,AIM,JPN,Consumption Decile|D3,%,2010,5.70524,WP4_650_redist,5.70524,0,3
85,AIM,JPN,Consumption Decile|D3,%,2020,5.68063,WP4_1150,5.68063,0,3
86,AIM,JPN,Consumption Decile|D3,%,2020,5.68063,WP4_1150_redist,5.68063,0,3
87,AIM,JPN,Consumption Decile|D3,%,2020,5.68063,WP4_650,5.68063,0,3
88,AIM,JPN,Consumption Decile|D3,%,2020,5.68063,WP4_650_redist,5.68063,0,3
89,AIM,JPN,Consumption Decile|D3,%,2030,5.61667,WP4_1150,5.60388,-0.227714998,3
90,AIM,JPN,Consumption Decile|D3,%,2030,5.61667,WP4_1150_redist,6.11634,8.896196501,3
91,AIM,JPN,Consumption Decile|D3,%,2030,5.61667,WP4_650,5.60243,-0.253531007,3
92,AIM,JPN,Consumption Decile|D3,%,2030,5.61667,WP4_650_redist,6.39178,13.80016985,3
93,AIM,JPN,Consumption Decile|D3,%,2040,5.58331,WP4_1150,5.58292,-0.006985104,3
94,AIM,JPN,Consumption Decile|D3,%,2040,5.58331,WP4_1150_redist,5.95688,6.690833932,3
95,AIM,JPN,Consumption Decile|D3,%,2040,5.58331,WP4_650,5.57359,-0.17409028,3
96,AIM,JPN,Consumption Decile|D3,%,2040,5.58331,WP4_650_redist,6.13581,9.895563743,3
97,AIM,JPN,Consumption Decile|D3,%,2050,5.5572,WP4_1150,5.55679,-0.007377816,3
98,AIM,JPN,Consumption Decile|D3,%,2050,5.5572,WP4_1150_redist,5.93095,6.725509249,3
99,AIM,JPN,Consumption Decile|D3,%,2050,5.5572,WP4_650,5.55021,-0.125782768,3
100,AIM,JPN,Consumption Decile|D3,%,2050,5.5572,WP4_650_redist,5.98481,7.694702368,3
101,AIM,JPN,Consumption Decile|D3,%,2060,5.542584252,WP4_1150,5.538316059,-0.077007286,3
102,AIM,JPN,Consumption Decile|D3,%,2060,5.542584252,WP4_1150_redist,5.967783534,7.671498757,3
103,AIM,JPN,Consumption Decile|D3,%,2060,5.542584252,WP4_650,5.538030847,-0.082153103,3
104,AIM,JPN,Consumption Decile|D3,%,2060,5.542584252,WP4_650_redist,5.862979829,5.780617156,3
105,AIM,JPN,Consumption Decile|D3,%,2070,5.555310844,WP4_1150,5.553160419,-0.038709354,3
106,AIM,JPN,Consumption Decile|D3,%,2070,5.555310844,WP4_1150_redist,5.854256029,5.38125036,3
107,AIM,JPN,Consumption Decile|D3,%,2070,5.555310844,WP4_650,5.552914722,-0.043132084,3
108,AIM,JPN,Consumption Decile|D3,%,2070,5.555310844,WP4_650_redist,5.833314561,5.00428734,3
109,AIM,JPN,Consumption Decile|D3,%,2080,5.562290197,WP4_1150,5.561249801,-0.018704457,3
110,AIM,JPN,Consumption Decile|D3,%,2080,5.562290197,WP4_1150_redist,5.795451973,4.191830475,3
111,AIM,JPN,Consumption Decile|D3,%,2080,5.562290197,WP4_650,5.560854984,-0.025802566,3
112,AIM,JPN,Consumption Decile|D3,%,2080,5.562290197,WP4_650_redist,5.802640672,4.321070395,3
113,AIM,JPN,Consumption Decile|D3,%,2090,5.579872338,WP4_1150,5.579374455,-0.008922833,3
114,AIM,JPN,Consumption Decile|D3,%,2090,5.579872338,WP4_1150_redist,5.783658954,3.652173442,3
115,AIM,JPN,Consumption Decile|D3,%,2090,5.579872338,WP4_650,5.578843819,-0.018432662,3
116,AIM,JPN,Consumption Decile|D3,%,2090,5.579872338,WP4_650_redist,5.78468521,3.670565549,3
117,AIM,JPN,Consumption Decile|D3,%,2100,5.598307068,WP4_1150,5.598309697,4.70E-05,3
118,AIM,JPN,Consumption Decile|D3,%,2100,5.598307068,WP4_1150_redist,5.773476154,3.128965324,3
119,AIM,JPN,Consumption Decile|D3,%,2100,5.598307068,WP4_650,5.597644869,-0.011828556,3
120,AIM,JPN,Consumption Decile|D3,%,2100,5.598307068,WP4_650_redist,5.771119717,3.086873357,3
121,AIM,JPN,Consumption Decile|D4,%,2010,6.75261,WP4_1150,6.75261,0,4
122,AIM,JPN,Consumption Decile|D4,%,2010,6.75261,WP4_1150_redist,6.75261,0,4
123,AIM,JPN,Consumption Decile|D4,%,2010,6.75261,WP4_650,6.75261,0,4
124,AIM,JPN,Consumption Decile|D4,%,2010,6.75261,WP4_650_redist,6.75261,0,4
125,AIM,JPN,Consumption Decile|D4,%,2020,6.73027,WP4_1150,6.73027,0,4
126,AIM,JPN,Consumption Decile|D4,%,2020,6.73027,WP4_1150_redist,6.73027,0,4
127,AIM,JPN,Consumption Decile|D4,%,2020,6.73027,WP4_650,6.73027,0,4
128,AIM,JPN,Consumption Decile|D4,%,2020,6.73027,WP4_650_redist,6.73027,0,4
129,AIM,JPN,Consumption Decile|D4,%,2030,6.67184,WP4_1150,6.65687,-0.224375884,4
130,AIM,JPN,Consumption Decile|D4,%,2030,6.67184,WP4_1150_redist,7.10764,6.531931221,4
131,AIM,JPN,Consumption Decile|D4,%,2030,6.67184,WP4_650,6.65532,-0.247607856,4
132,AIM,JPN,Consumption Decile|D4,%,2030,6.67184,WP4_650_redist,7.34021,10.01777621,4
133,AIM,JPN,Consumption Decile|D4,%,2040,6.6413,WP4_1150,6.64093,-0.005571198,4
134,AIM,JPN,Consumption Decile|D4,%,2040,6.6413,WP4_1150_redist,6.96912,4.936081791,4
135,AIM,JPN,Consumption Decile|D4,%,2040,6.6413,WP4_650,6.62997,-0.17059913,4
136,AIM,JPN,Consumption Decile|D4,%,2040,6.6413,WP4_650_redist,7.1233,7.257615226,4
137,AIM,JPN,Consumption Decile|D4,%,2050,6.61734,WP4_1150,6.61697,-0.005591371,4
138,AIM,JPN,Consumption Decile|D4,%,2050,6.61734,WP4_1150_redist,6.94595,4.96589264,4
139,AIM,JPN,Consumption Decile|D4,%,2050,6.61734,WP4_650,6.60927,-0.121952325,4
140,AIM,JPN,Consumption Decile|D4,%,2050,6.61734,WP4_650_redist,6.99259,5.670707565,4
141,AIM,JPN,Consumption Decile|D4,%,2060,6.603912508,WP4_1150,6.598932069,-0.075416492,4
142,AIM,JPN,Consumption Decile|D4,%,2060,6.603912508,WP4_1150_redist,6.977793087,5.661501096,4
143,AIM,JPN,Consumption Decile|D4,%,2060,6.603912508,WP4_650,6.59866664,-0.079435766,4
144,AIM,JPN,Consumption Decile|D4,%,2060,6.603912508,WP4_650_redist,6.886532387,4.279582423,4
145,AIM,JPN,Consumption Decile|D4,%,2070,6.615696408,WP4_1150,6.613113887,-0.039036264,4
146,AIM,JPN,Consumption Decile|D4,%,2070,6.615696408,WP4_1150_redist,6.879521256,3.987862074,4
147,AIM,JPN,Consumption Decile|D4,%,2070,6.615696408,WP4_650,6.612893087,-0.042373796,4
148,AIM,JPN,Consumption Decile|D4,%,2070,6.615696408,WP4_650_redist,6.861162569,3.71036012,4
149,AIM,JPN,Consumption Decile|D4,%,2080,6.622176549,WP4_1150,6.620888433,-0.019451545,4
150,AIM,JPN,Consumption Decile|D4,%,2080,6.622176549,WP4_1150_redist,6.828133588,3.110110964,4
151,AIM,JPN,Consumption Decile|D4,%,2080,6.622176549,WP4_650,6.620539768,-0.024716663,4
152,AIM,JPN,Consumption Decile|D4,%,2080,6.622176549,WP4_650_redist,6.834442367,3.205378419,4
153,AIM,JPN,Consumption Decile|D4,%,2090,6.638386248,WP4_1150,6.637767711,-0.00931758,4
154,AIM,JPN,Consumption Decile|D4,%,2090,6.638386248,WP4_1150_redist,6.818349622,2.710950644,4
155,AIM,JPN,Consumption Decile|D4,%,2090,6.638386248,WP4_650,6.637288562,-0.016535421,4
156,AIM,JPN,Consumption Decile|D4,%,2090,6.638386248,WP4_650_redist,6.819267945,2.724784159,4
157,AIM,JPN,Consumption Decile|D4,%,2100,6.655361929,WP4_1150,6.655358822,-4.67E-05,4
158,AIM,JPN,Consumption Decile|D4,%,2100,6.655361929,WP4_1150_redist,6.809917937,2.32227803,4
159,AIM,JPN,Consumption Decile|D4,%,2100,6.655361929,WP4_650,6.654752326,-0.009159578,4
160,AIM,JPN,Consumption Decile|D4,%,2100,6.655361929,WP4_650_redist,6.807864948,2.291430888,4
161,AIM,JPN,Consumption Decile|D5,%,2010,7.85509,WP4_1150,7.85509,0,5
162,AIM,JPN,Consumption Decile|D5,%,2010,7.85509,WP4_1150_redist,7.85509,0,5
163,AIM,JPN,Consumption Decile|D5,%,2010,7.85509,WP4_650,7.85509,0,5
164,AIM,JPN,Consumption Decile|D5,%,2010,7.85509,WP4_650_redist,7.85509,0,5
165,AIM,JPN,Consumption Decile|D5,%,2020,7.83608,WP4_1150,7.83608,0,5
166,AIM,JPN,Consumption Decile|D5,%,2020,7.83608,WP4_1150_redist,7.83608,0,5
167,AIM,JPN,Consumption Decile|D5,%,2020,7.83608,WP4_650,7.83608,0,5
168,AIM,JPN,Consumption Decile|D5,%,2020,7.83608,WP4_650_redist,7.83608,0,5
169,AIM,JPN,Consumption Decile|D5,%,2030,7.78626,WP4_1150,7.76903,-0.221287242,5
170,AIM,JPN,Consumption Decile|D5,%,2030,7.78626,WP4_1150_redist,8.13817,4.519628166,5
171,AIM,JPN,Consumption Decile|D5,%,2030,7.78626,WP4_650,7.76743,-0.24183626,5
172,AIM,JPN,Consumption Decile|D5,%,2030,7.78626,WP4_650_redist,8.32015,6.856822146,5
173,AIM,JPN,Consumption Decile|D5,%,2040,7.76014,WP4_1150,7.75984,-0.00386591,5
174,AIM,JPN,Consumption Decile|D5,%,2040,7.76014,WP4_1150_redist,8.0273,3.442721394,5
175,AIM,JPN,Consumption Decile|D5,%,2040,7.76014,WP4_650,7.74719,-0.166878433,5
176,AIM,JPN,Consumption Decile|D5,%,2040,7.76014,WP4_650_redist,8.14991,5.022718662,5
177,AIM,JPN,Consumption Decile|D5,%,2050,7.73958,WP4_1150,7.73927,-0.004005385,5
178,AIM,JPN,Consumption Decile|D5,%,2050,7.73958,WP4_1150_redist,8.00801,3.468276056,5
179,AIM,JPN,Consumption Decile|D5,%,2050,7.73958,WP4_650,7.73039,-0.118740293,5
180,AIM,JPN,Consumption Decile|D5,%,2050,7.73958,WP4_650_redist,8.04551,3.952798472,5
181,AIM,JPN,Consumption Decile|D5,%,2060,7.728065196,WP4_1150,7.722351263,-0.073937437,5
182,AIM,JPN,Consumption Decile|D5,%,2060,7.728065196,WP4_1150_redist,8.033473587,3.951938588,5
183,AIM,JPN,Consumption Decile|D5,%,2060,7.728065196,WP4_650,7.722118971,-0.076943262,5
184,AIM,JPN,Consumption Decile|D5,%,2060,7.728065196,WP4_650_redist,7.959776235,2.998305955,5
185,AIM,JPN,Consumption Decile|D5,%,2070,7.73826412,WP4_1150,7.735226205,-0.039258346,5
186,AIM,JPN,Consumption Decile|D5,%,2070,7.73826412,WP4_1150_redist,7.954447843,2.79369791,5
187,AIM,JPN,Consumption Decile|D5,%,2070,7.73826412,WP4_650,7.735045328,-0.041595794,5
188,AIM,JPN,Consumption Decile|D5,%,2070,7.73826412,WP4_650_redist,7.939597387,2.601788508,5
189,AIM,JPN,Consumption Decile|D5,%,2080,7.743883281,WP4_1150,7.742349902,-0.019801165,5
190,AIM,JPN,Consumption Decile|D5,%,2080,7.743883281,WP4_1150_redist,7.913080471,2.184913999,5
191,AIM,JPN,Consumption Decile|D5,%,2080,7.743883281,WP4_650,7.742053622,-0.023627158,5
192,AIM,JPN,Consumption Decile|D5,%,2080,7.743883281,WP4_650_redist,7.91823928,2.251531855,5
193,AIM,JPN,Consumption Decile|D5,%,2090,7.75787718,WP4_1150,7.757126061,-0.009682013,5
194,AIM,JPN,Consumption Decile|D5,%,2090,7.75787718,WP4_1150_redist,7.905637446,1.904648179,5
195,AIM,JPN,Consumption Decile|D5,%,2090,7.75787718,WP4_650,7.756723853,-0.014866527,5
196,AIM,JPN,Consumption Decile|D5,%,2090,7.75787718,WP4_650_redist,7.906361992,1.913987668,5
197,AIM,JPN,Consumption Decile|D5,%,2100,7.772488055,WP4_1150,7.772482793,-6.77E-05,5
198,AIM,JPN,Consumption Decile|D5,%,2100,7.772488055,WP4_1150_redist,7.899377667,1.632548176,5
199,AIM,JPN,Consumption Decile|D5,%,2100,7.772488055,WP4_650,7.771965321,-0.006725429,5
200,AIM,JPN,Consumption Decile|D5,%,2100,7.772488055,WP4_650_redist,7.897687555,1.610803376,5
201,AIM,JPN,Consumption Decile|D6,%,2010,9.09394,WP4_1150,9.09394,0,6
202,AIM,JPN,Consumption Decile|D6,%,2010,9.09394,WP4_1150_redist,9.09394,0,6
203,AIM,JPN,Consumption Decile|D6,%,2010,9.09394,WP4_650,9.09394,0,6
204,AIM,JPN,Consumption Decile|D6,%,2010,9.09394,WP4_650_redist,9.09394,0,6
205,AIM,JPN,Consumption Decile|D6,%,2020,9.07981,WP4_1150,9.07981,0,6
206,AIM,JPN,Consumption Decile|D6,%,2020,9.07981,WP4_1150_redist,9.07981,0,6
207,AIM,JPN,Consumption Decile|D6,%,2020,9.07981,WP4_650,9.07981,0,6
208,AIM,JPN,Consumption Decile|D6,%,2020,9.07981,WP4_650_redist,9.07981,0,6
209,AIM,JPN,Consumption Decile|D6,%,2030,9.04255,WP4_1150,9.02282,-0.218190665,6
210,AIM,JPN,Consumption Decile|D6,%,2030,9.04255,WP4_1150_redist,9.28348,2.664403293,6
211,AIM,JPN,Consumption Decile|D6,%,2030,9.04255,WP4_650,9.02118,-0.236327142,6
212,AIM,JPN,Consumption Decile|D6,%,2030,9.04255,WP4_650_redist,9.40003,3.953309631,6
213,AIM,JPN,Consumption Decile|D6,%,2040,9.0229,WP4_1150,9.02268,-0.00243824,6
214,AIM,JPN,Consumption Decile|D6,%,2040,9.0229,WP4_1150_redist,9.20866,2.058761595,6
215,AIM,JPN,Consumption Decile|D6,%,2040,9.0229,WP4_650,9.00816,-0.163362112,6
216,AIM,JPN,Consumption Decile|D6,%,2040,9.0229,WP4_650_redist,9.2903,2.963570471,6
217,AIM,JPN,Consumption Decile|D6,%,2050,9.00736,WP4_1150,9.00711,-0.002775508,6
218,AIM,JPN,Consumption Decile|D6,%,2050,9.00736,WP4_1150_redist,9.19496,2.082741225,6
219,AIM,JPN,Consumption Decile|D6,%,2050,9.00736,WP4_650,8.99694,-0.115683175,6
220,AIM,JPN,Consumption Decile|D6,%,2050,9.00736,WP4_650_redist,9.22025,2.363511617,6
221,AIM,JPN,Consumption Decile|D6,%,2060,8.998666354,WP4_1150,8.992150457,-0.072409581,6
222,AIM,JPN,Consumption Decile|D6,%,2060,8.998666354,WP4_1150_redist,9.211734232,2.367771734,6
223,AIM,JPN,Consumption Decile|D6,%,2060,8.998666354,WP4_650,8.991952157,-0.07461324,6
224,AIM,JPN,Consumption Decile|D6,%,2060,8.998666354,WP4_650_redist,9.161569857,1.810307175,6
225,AIM,JPN,Consumption Decile|D6,%,2070,9.006478283,WP4_1150,9.002930284,-0.039393863,6
226,AIM,JPN,Consumption Decile|D6,%,2070,9.006478283,WP4_1150_redist,9.158447071,1.687327528,6
227,AIM,JPN,Consumption Decile|D6,%,2070,9.006478283,WP4_650,9.002809745,-0.040732222,6
228,AIM,JPN,Consumption Decile|D6,%,2070,9.006478283,WP4_650_redist,9.14818838,1.57342407,6
229,AIM,JPN,Consumption Decile|D6,%,2080,9.01079479,WP4_1150,9.008970047,-0.020250634,6
230,AIM,JPN,Consumption Decile|D6,%,2080,9.01079479,WP4_1150_redist,9.130265827,1.325865697,6
231,AIM,JPN,Consumption Decile|D6,%,2080,9.01079479,WP4_650,9.00875239,-0.022666141,6
232,AIM,JPN,Consumption Decile|D6,%,2080,9.01079479,WP4_650_redist,9.133781522,1.364882174,6
233,AIM,JPN,Consumption Decile|D6,%,2090,9.021457128,WP4_1150,9.020557362,-0.009973618,6
234,AIM,JPN,Consumption Decile|D6,%,2090,9.021457128,WP4_1150_redist,9.125655994,1.155011492,6
235,AIM,JPN,Consumption Decile|D6,%,2090,9.021457128,WP4_650,9.020264053,-0.01322485,6
236,AIM,JPN,Consumption Decile|D6,%,2090,9.021457128,WP4_650_redist,9.126165121,1.160655006,6
237,AIM,JPN,Consumption Decile|D6,%,2100,9.032546995,WP4_1150,9.032538836,-9.03E-05,6
238,AIM,JPN,Consumption Decile|D6,%,2100,9.032546995,WP4_1150_redist,9.121950768,0.989795823,6
239,AIM,JPN,Consumption Decile|D6,%,2100,9.032546995,WP4_650,9.032154175,-0.00434894,6
240,AIM,JPN,Consumption Decile|D6,%,2100,9.032546995,WP4_650_redist,9.120722106,0.976193215,6
241,AIM,JPN,Consumption Decile|D7,%,2010,10.582,WP4_1150,10.582,0,7
242,AIM,JPN,Consumption Decile|D7,%,2010,10.582,WP4_1150_redist,10.582,0,7
243,AIM,JPN,Consumption Decile|D7,%,2010,10.582,WP4_650,10.582,0,7
244,AIM,JPN,Consumption Decile|D7,%,2010,10.582,WP4_650_redist,10.582,0,7
245,AIM,JPN,Consumption Decile|D7,%,2020,10.5751,WP4_1150,10.5751,0,7
246,AIM,JPN,Consumption Decile|D7,%,2020,10.5751,WP4_1150_redist,10.5751,0,7
247,AIM,JPN,Consumption Decile|D7,%,2020,10.5751,WP4_650,10.5751,0,7
248,AIM,JPN,Consumption Decile|D7,%,2020,10.5751,WP4_650_redist,10.5751,0,7
249,AIM,JPN,Consumption Decile|D7,%,2030,10.5564,WP4_1150,10.5337,-0.215035429,7
250,AIM,JPN,Consumption Decile|D7,%,2030,10.5564,WP4_1150_redist,10.6443,0.832670228,7
251,AIM,JPN,Consumption Decile|D7,%,2030,10.5564,WP4_650,10.532,-0.231139404,7
252,AIM,JPN,Consumption Decile|D7,%,2030,10.5564,WP4_650_redist,10.6733,1.107385093,7
253,AIM,JPN,Consumption Decile|D7,%,2040,10.5463,WP4_1150,10.5462,-0.0009482,7
254,AIM,JPN,Consumption Decile|D7,%,2040,10.5463,WP4_1150_redist,10.6187,0.686496686,7
255,AIM,JPN,Consumption Decile|D7,%,2040,10.5463,WP4_650,10.5295,-0.159297574,7
256,AIM,JPN,Consumption Decile|D7,%,2040,10.5463,WP4_650_redist,10.6447,0.933028645,7
257,AIM,JPN,Consumption Decile|D7,%,2050,10.5383,WP4_1150,10.5382,-0.00094892,7
258,AIM,JPN,Consumption Decile|D7,%,2050,10.5383,WP4_1150_redist,10.6127,0.705996223,7
259,AIM,JPN,Consumption Decile|D7,%,2050,10.5383,WP4_650,10.5265,-0.111972519,7
260,AIM,JPN,Consumption Decile|D7,%,2050,10.5383,WP4_650_redist,10.6215,0.789501153,7
261,AIM,JPN,Consumption Decile|D7,%,2060,10.5338265,WP4_1150,10.52634633,-0.071010908,7
262,AIM,JPN,Consumption Decile|D7,%,2060,10.5338265,WP4_1150_redist,10.61804523,0.799507443,7
263,AIM,JPN,Consumption Decile|D7,%,2060,10.5338265,WP4_650,10.52621009,-0.072304263,7
264,AIM,JPN,Consumption Decile|D7,%,2060,10.5338265,WP4_650_redist,10.60013171,0.629450398,7
265,AIM,JPN,Consumption Decile|D7,%,2070,10.53801403,WP4_1150,10.53384679,-0.039544783,7
266,AIM,JPN,Consumption Decile|D7,%,2070,10.53801403,WP4_1150_redist,10.59986147,0.586898421,7
267,AIM,JPN,Consumption Decile|D7,%,2070,10.53801403,WP4_650,10.53380552,-0.039936418,7
268,AIM,JPN,Consumption Decile|D7,%,2070,10.53801403,WP4_650_redist,10.59601355,0.550383792,7
269,AIM,JPN,Consumption Decile|D7,%,2080,10.54035377,WP4_1150,10.53815535,-0.020857207,7
270,AIM,JPN,Consumption Decile|D7,%,2080,10.54035377,WP4_1150_redist,10.58964015,0.467597023,7
271,AIM,JPN,Consumption Decile|D7,%,2080,10.54035377,WP4_650,10.53806553,-0.021709291,7
272,AIM,JPN,Consumption Decile|D7,%,2080,10.54035377,WP4_650_redist,10.59100278,0.48052479,7
273,AIM,JPN,Consumption Decile|D7,%,2090,10.54598973,WP4_1150,10.54491642,-0.010177365,7
274,AIM,JPN,Consumption Decile|D7,%,2090,10.54598973,WP4_1150_redist,10.58890554,0.406939651,7
275,AIM,JPN,Consumption Decile|D7,%,2090,10.54598973,WP4_650,10.54477948,-0.011475907,7
276,AIM,JPN,Consumption Decile|D7,%,2090,10.54598973,WP4_650_redist,10.58907456,0.408542331,7
277,AIM,JPN,Consumption Decile|D7,%,2100,10.55180556,WP4_1150,10.55180155,-3.80E-05,7
278,AIM,JPN,Consumption Decile|D7,%,2100,10.55180556,WP4_1150_redist,10.58848327,0.347596506,7
279,AIM,JPN,Consumption Decile|D7,%,2100,10.55180556,WP4_650,10.55160793,-0.00187295,7
280,AIM,JPN,Consumption Decile|D7,%,2100,10.55180556,WP4_650_redist,10.58799602,0.342978824,7
281,AIM,JPN,Consumption Decile|D8,%,2010,12.5359,WP4_1150,12.5359,0,8
282,AIM,JPN,Consumption Decile|D8,%,2010,12.5359,WP4_1150_redist,12.5359,0,8
283,AIM,JPN,Consumption Decile|D8,%,2010,12.5359,WP4_650,12.5359,0,8
284,AIM,JPN,Consumption Decile|D8,%,2010,12.5359,WP4_650_redist,12.5359,0,8
285,AIM,JPN,Consumption Decile|D8,%,2020,12.5403,WP4_1150,12.5403,0,8
286,AIM,JPN,Consumption Decile|D8,%,2020,12.5403,WP4_1150_redist,12.5403,0,8
287,AIM,JPN,Consumption Decile|D8,%,2020,12.5403,WP4_650,12.5403,0,8
288,AIM,JPN,Consumption Decile|D8,%,2020,12.5403,WP4_650_redist,12.5403,0,8
289,AIM,JPN,Consumption Decile|D8,%,2030,12.5509,WP4_1150,12.5244,-0.211140237,8
290,AIM,JPN,Consumption Decile|D8,%,2030,12.5509,WP4_1150_redist,12.4095,-1.126612434,8
291,AIM,JPN,Consumption Decile|D8,%,2030,12.5509,WP4_650,12.5227,-0.224685082,8
292,AIM,JPN,Consumption Decile|D8,%,2030,12.5509,WP4_650_redist,12.3119,-1.904245911,8
293,AIM,JPN,Consumption Decile|D8,%,2040,12.5562,WP4_1150,12.5562,0,8
294,AIM,JPN,Consumption Decile|D8,%,2040,12.5562,WP4_1150_redist,12.4573,-0.787658687,8
295,AIM,JPN,Consumption Decile|D8,%,2040,12.5562,WP4_650,12.5366,-0.156098183,8
296,AIM,JPN,Consumption Decile|D8,%,2040,12.5562,WP4_650_redist,12.4007,-1.23843201,8
297,AIM,JPN,Consumption Decile|D8,%,2050,12.5601,WP4_1150,12.5601,0,8
298,AIM,JPN,Consumption Decile|D8,%,2050,12.5601,WP4_1150_redist,12.4632,-0.771490673,8
299,AIM,JPN,Consumption Decile|D8,%,2050,12.5601,WP4_650,12.5465,-0.108279393,8
300,AIM,JPN,Consumption Decile|D8,%,2050,12.5601,WP4_650_redist,12.4471,-0.899674366,8
301,AIM,JPN,Consumption Decile|D8,%,2060,12.56231362,WP4_1150,12.55360656,-0.069311011,8
302,AIM,JPN,Consumption Decile|D8,%,2060,12.56231362,WP4_1150_redist,12.4515469,-0.881738208,8
303,AIM,JPN,Consumption Decile|D8,%,2060,12.56231362,WP4_650,12.55357465,-0.069564991,8
304,AIM,JPN,Consumption Decile|D8,%,2060,12.56231362,WP4_650_redist,12.48188299,-0.64025337,8
305,AIM,JPN,Consumption Decile|D8,%,2070,12.56068052,WP4_1150,12.55569176,-0.039717253,8
306,AIM,JPN,Consumption Decile|D8,%,2070,12.56068052,WP4_1150_redist,12.48555468,-0.598103233,8
307,AIM,JPN,Consumption Decile|D8,%,2070,12.56068052,WP4_650,12.55577565,-0.039049353,8
308,AIM,JPN,Consumption Decile|D8,%,2070,12.56068052,WP4_650_redist,12.49133057,-0.55211936,8
309,AIM,JPN,Consumption Decile|D8,%,2080,12.55981965,WP4_1150,12.55712454,-0.02145821,8
310,AIM,JPN,Consumption Decile|D8,%,2080,12.55981965,WP4_1150_redist,12.50235292,-0.457544226,8
311,AIM,JPN,Consumption Decile|D8,%,2080,12.55981965,WP4_650,12.55723178,-0.020604339,8
312,AIM,JPN,Consumption Decile|D8,%,2080,12.55981965,WP4_650_redist,12.50040544,-0.473049814,8
313,AIM,JPN,Consumption Decile|D8,%,2090,12.55740471,WP4_1150,12.55609857,-0.010401417,8
314,AIM,JPN,Consumption Decile|D8,%,2090,12.55740471,WP4_1150_redist,12.50706501,-0.400876634,8
315,AIM,JPN,Consumption Decile|D8,%,2090,12.55740471,WP4_650,12.55620874,-0.009524043,8
316,AIM,JPN,Consumption Decile|D8,%,2090,12.55740471,WP4_650_redist,12.50674113,-0.403455823,8
317,AIM,JPN,Consumption Decile|D8,%,2100,12.55479516,WP4_1150,12.55479164,-2.80E-05,8
318,AIM,JPN,Consumption Decile|D8,%,2100,12.55479516,WP4_1150_redist,12.51135295,-0.346020839,8
319,AIM,JPN,Consumption Decile|D8,%,2100,12.55479516,WP4_650,12.55489652,0.000807325,8
320,AIM,JPN,Consumption Decile|D8,%,2100,12.55479516,WP4_650_redist,12.51193015,-0.341423378,8
321,AIM,JPN,Consumption Decile|D9,%,2010,15.5406,WP4_1150,15.5406,0,9
322,AIM,JPN,Consumption Decile|D9,%,2010,15.5406,WP4_1150_redist,15.5406,0,9
323,AIM,JPN,Consumption Decile|D9,%,2010,15.5406,WP4_650,15.5406,0,9
324,AIM,JPN,Consumption Decile|D9,%,2010,15.5406,WP4_650_redist,15.5406,0,9
325,AIM,JPN,Consumption Decile|D9,%,2020,15.5659,WP4_1150,15.5659,0,9
326,AIM,JPN,Consumption Decile|D9,%,2020,15.5659,WP4_1150_redist,15.5659,0,9
327,AIM,JPN,Consumption Decile|D9,%,2020,15.5659,WP4_650,15.5659,0,9
328,AIM,JPN,Consumption Decile|D9,%,2020,15.5659,WP4_650_redist,15.5659,0,9
329,AIM,JPN,Consumption Decile|D9,%,2030,15.6311,WP4_1150,15.5988,-0.206639328,9
330,AIM,JPN,Consumption Decile|D9,%,2030,15.6311,WP4_1150_redist,15.0853,-3.491756818,9
331,AIM,JPN,Consumption Decile|D9,%,2030,15.6311,WP4_650,15.5973,-0.216235582,9
332,AIM,JPN,Consumption Decile|D9,%,2030,15.6311,WP4_650_redist,14.7704,-5.506330329,9
333,AIM,JPN,Consumption Decile|D9,%,2040,15.6649,WP4_1150,15.6652,0.00191511,9
334,AIM,JPN,Consumption Decile|D9,%,2040,15.6649,WP4_1150_redist,15.2611,-2.57773749,9
335,AIM,JPN,Consumption Decile|D9,%,2040,15.6649,WP4_650,15.6413,-0.150655287,9
336,AIM,JPN,Consumption Decile|D9,%,2040,15.6649,WP4_650_redist,15.0614,-3.852562097,9
337,AIM,JPN,Consumption Decile|D9,%,2050,15.6912,WP4_1150,15.6916,0.0025492,9
338,AIM,JPN,Consumption Decile|D9,%,2050,15.6912,WP4_1150_redist,15.2885,-2.566406648,9
339,AIM,JPN,Consumption Decile|D9,%,2050,15.6912,WP4_650,15.6749,-0.103879882,9
340,AIM,JPN,Consumption Decile|D9,%,2050,15.6912,WP4_650_redist,15.229,-2.945600082,9
341,AIM,JPN,Consumption Decile|D9,%,2060,15.70590967,WP4_1150,15.69538671,-0.066999996,9
342,AIM,JPN,Consumption Decile|D9,%,2060,15.70590967,WP4_1150_redist,15.24701119,-2.921820426,9
343,AIM,JPN,Consumption Decile|D9,%,2060,15.70590967,WP4_650,15.69553692,-0.06604361,9
344,AIM,JPN,Consumption Decile|D9,%,2060,15.70590967,WP4_650_redist,15.36240677,-2.18709332,9
345,AIM,JPN,Consumption Decile|D9,%,2070,15.6932883,WP4_1150,15.68703143,-0.039869705,9
346,AIM,JPN,Consumption Decile|D9,%,2070,15.6932883,WP4_1150_redist,15.37261292,-2.043391898,9
347,AIM,JPN,Consumption Decile|D9,%,2070,15.6932883,WP4_650,15.68736207,-0.037762822,9
348,AIM,JPN,Consumption Decile|D9,%,2070,15.6932883,WP4_650_redist,15.3954486,-1.897879492,9
349,AIM,JPN,Consumption Decile|D9,%,2080,15.68638475,WP4_1150,15.68290812,-0.022163379,9
350,AIM,JPN,Consumption Decile|D9,%,2080,15.68638475,WP4_1150_redist,15.43716373,-1.588772812,9
351,AIM,JPN,Consumption Decile|D9,%,2080,15.68638475,WP4_650,15.68337762,-0.019170344,9
352,AIM,JPN,Consumption Decile|D9,%,2080,15.68638475,WP4_650_redist,15.42935302,-1.638565731,9
353,AIM,JPN,Consumption Decile|D9,%,2090,15.66883243,WP4_1150,15.66715585,-0.010700076,9
354,AIM,JPN,Consumption Decile|D9,%,2090,15.66883243,WP4_1150_redist,15.45104008,-1.389971779,9
355,AIM,JPN,Consumption Decile|D9,%,2090,15.66883243,WP4_650,15.66773328,-0.007014845,9
356,AIM,JPN,Consumption Decile|D9,%,2090,15.66883243,WP4_650_redist,15.44990205,-1.397234779,9
357,AIM,JPN,Consumption Decile|D9,%,2100,15.65041163,WP4_1150,15.65040499,-4.25E-05,9
358,AIM,JPN,Consumption Decile|D9,%,2100,15.65041163,WP4_1150_redist,15.46198615,-1.203965019,9
359,AIM,JPN,Consumption Decile|D9,%,2100,15.65041163,WP4_650,15.65107889,0.00426354,9
360,AIM,JPN,Consumption Decile|D9,%,2100,15.65041163,WP4_650_redist,15.46440256,-1.188525102,9
361,AIM,JPN,Consumption Decile|D10,%,2010,24.1918,WP4_1150,24.1918,0,10
362,AIM,JPN,Consumption Decile|D10,%,2010,24.1918,WP4_1150_redist,24.1918,0,10
363,AIM,JPN,Consumption Decile|D10,%,2010,24.1918,WP4_650,24.1918,0,10
364,AIM,JPN,Consumption Decile|D10,%,2010,24.1918,WP4_650_redist,24.1918,0,10
365,AIM,JPN,Consumption Decile|D10,%,2020,24.2993,WP4_1150,24.2993,0,10
366,AIM,JPN,Consumption Decile|D10,%,2020,24.2993,WP4_1150_redist,24.2993,0,10
367,AIM,JPN,Consumption Decile|D10,%,2020,24.2993,WP4_650,24.2993,0,10
368,AIM,JPN,Consumption Decile|D10,%,2020,24.2993,WP4_650_redist,24.2993,0,10
369,AIM,JPN,Consumption Decile|D10,%,2030,24.5806,WP4_1150,24.5322,-0.196903249,10
370,AIM,JPN,Consumption Decile|D10,%,2030,24.5806,WP4_1150_redist,22.5527,-8.250002034,10
371,AIM,JPN,Consumption Decile|D10,%,2030,24.5806,WP4_650,24.5317,-0.198937373,10
372,AIM,JPN,Consumption Decile|D10,%,2030,24.5806,WP4_650_redist,21.4879,-12.58187351,10
373,AIM,JPN,Consumption Decile|D10,%,2040,24.7283,WP4_1150,24.73,0.006874714,10
374,AIM,JPN,Consumption Decile|D10,%,2040,24.7283,WP4_1150_redist,23.1895,-6.222829713,10
375,AIM,JPN,Consumption Decile|D10,%,2040,24.7283,WP4_650,24.6939,-0.139111868,10
376,AIM,JPN,Consumption Decile|D10,%,2040,24.7283,WP4_650_redist,22.4778,-9.100908675,10
377,AIM,JPN,Consumption Decile|D10,%,2050,24.8445,WP4_1150,24.8463,0.007245064,10
378,AIM,JPN,Consumption Decile|D10,%,2050,24.8445,WP4_1150_redist,23.2968,-6.229547787,10
379,AIM,JPN,Consumption Decile|D10,%,2050,24.8445,WP4_650,24.8215,-0.092575822,10
380,AIM,JPN,Consumption Decile|D10,%,2050,24.8445,WP4_650_redist,23.0798,-7.102980539,10
381,AIM,JPN,Consumption Decile|D10,%,2060,24.90960926,WP4_1150,24.89417461,-0.061962655,10
382,AIM,JPN,Consumption Decile|D10,%,2060,24.90960926,WP4_1150_redist,23.14734303,-7.074644214,10
383,AIM,JPN,Consumption Decile|D10,%,2060,24.90960926,WP4_650,24.89513866,-0.05809243,10
384,AIM,JPN,Consumption Decile|D10,%,2060,24.90960926,WP4_650_redist,23.57363837,-5.363275188,10
385,AIM,JPN,Consumption Decile|D10,%,2070,24.85223138,WP4_1150,24.84225052,-0.040160812,10
386,AIM,JPN,Consumption Decile|D10,%,2070,24.85223138,WP4_1150_redist,23.60464653,-5.020011388,10
387,AIM,JPN,Consumption Decile|D10,%,2070,24.85223138,WP4_650,24.84357109,-0.03484712,10
388,AIM,JPN,Consumption Decile|D10,%,2070,24.85223138,WP4_650_redist,23.69056745,-4.674284201,10
389,AIM,JPN,Consumption Decile|D10,%,2080,24.82063974,WP4_1150,24.81476182,-0.023681595,10
390,AIM,JPN,Consumption Decile|D10,%,2080,24.82063974,WP4_1150_redist,23.84389375,-3.935216824,10
391,AIM,JPN,Consumption Decile|D10,%,2080,24.82063974,WP4_650,24.81666929,-0.015996586,10
392,AIM,JPN,Consumption Decile|D10,%,2080,24.82063974,WP4_650_redist,23.81426323,-4.054595383,10
393,AIM,JPN,Consumption Decile|D10,%,2090,24.74175547,WP4_1150,24.73895066,-0.01133631,10
394,AIM,JPN,Consumption Decile|D10,%,2090,24.74175547,WP4_1150_redist,23.88836689,-3.449183633,10
395,AIM,JPN,Consumption Decile|D10,%,2090,24.74175547,WP4_650,24.74138104,-0.001513349,10
396,AIM,JPN,Consumption Decile|D10,%,2090,24.74175547,WP4_650_redist,23.88411511,-3.466368253,10
397,AIM,JPN,Consumption Decile|D10,%,2100,24.65930261,WP4_1150,24.65931873,6.54E-05,10
398,AIM,JPN,Consumption Decile|D10,%,2100,24.65930261,WP4_1150_redist,23.9273159,-2.968399871,10
399,AIM,JPN,Consumption Decile|D10,%,2100,24.65930261,WP4_650,24.6622318,0.011878629,10
400,AIM,JPN,Consumption Decile|D10,%,2100,24.65930261,WP4_650_redist,23.93717527,-2.928417536,10
